air_store_id,visit_datetime,reserve_datetime,reserve_visitors
air_a083834e7ffe187e,2016-01-03 19:00:00,2016-01-03 16:00:00,2
air_a083834e7ffe187e,2016-01-03 21:00:00,2016-01-02 20:00:00,2
air_a083834e7ffe187e,2016-01-04 21:00:00,2016-01-04 15:00:00,2
air_a083834e7ffe187e,2016-01-05 19:00:00,2016-01-02 00:00:00,8
air_a083834e7ffe187e,2016-01-07 18:00:00,2016-01-07 14:00:00,2
air_a083834e7ffe187e,2016-01-08 19:00:00,2016-01-06 18:00:00,8
air_a083834e7ffe187e,2016-01-08 19:00:00,2016-01-07 22:00:00,20
air_a083834e7ffe187e,2016-01-08 19:00:00,2016-01-05 23:00:00,3
air_a083834e7ffe187e,2016-01-08 19:00:00,2016-01-08 16:00:00,3
air_a083834e7ffe187e,2016-01-08 22:00:00,2016-01-06 21:00:00,2
air_a083834e7ffe187e,2016-01-09 20:00:00,2016-01-05 22:00:00,2
air_a083834e7ffe187e,2016-01-09 20:00:00,2016-01-07 14:00:00,2
air_a083834e7ffe187e,2016-01-09 20:00:00,2016-01-02 10:00:00,4
air_a083834e7ffe187e,2016-01-09 20:00:00,2016-01-06 23:00:00,5
air_a083834e7ffe187e,2016-01-09 20:00:00,2016-01-09 04:00:00,2
air_a083834e7ffe187e,2016-01-09 20:00:00,2016-01-09 02:00:00,7
air_a083834e7ffe187e,2016-01-09 20:00:00,2016-01-04 23:00:00,2
air_a083834e7ffe187e,2016-01-09 20:00:00,2016-01-08 20:00:00,2
air_a083834e7ffe187e,2016-01-10 19:00:00,2016-01-07 18:00:00,2
air_a083834e7ffe187e,2016-01-10 19:00:00,2016-01-10 15:00:00,4
air_a083834e7ffe187e,2016-01-10 19:00:00,2016-01-06 23:00:00,3
air_a083834e7ffe187e,2016-01-10 19:00:00,2016-01-10 14:00:00,4
air_a083834e7ffe187e,2016-01-10 19:00:00,2016-01-09 09:00:00,6
air_a083834e7ffe187e,2016-01-10 19:00:00,2016-01-08 17:00:00,2
air_a083834e7ffe187e,2016-01-10 19:00:00,2016-01-07 21:00:00,4
air_a083834e7ffe187e,2016-01-10 19:00:00,2016-01-10 15:00:00,3
air_a083834e7ffe187e,2016-01-12 22:00:00,2016-01-12 15:00:00,2
air_a083834e7ffe187e,2016-01-13 22:00:00,2016-01-13 18:00:00,5
air_a083834e7ffe187e,2016-01-13 22:00:00,2016-01-13 15:00:00,5
air_a083834e7ffe187e,2016-01-15 21:00:00,2016-01-14 16:00:00,7
air_a083834e7ffe187e,2016-01-16 19:00:00,2016-01-14 19:00:00,3
air_a083834e7ffe187e,2016-01-16 19:00:00,2016-01-16 16:00:00,4
air_a083834e7ffe187e,2016-01-16 19:00:00,2016-01-16 17:00:00,2
air_a083834e7ffe187e,2016-01-16 19:00:00,2016-01-16 17:00:00,3
air_a083834e7ffe187e,2016-01-16 19:00:00,2016-01-13 13:00:00,7
air_a083834e7ffe187e,2016-01-16 19:00:00,2016-01-13 15:00:00,4
air_a083834e7ffe187e,2016-01-16 19:00:00,2016-01-14 17:00:00,4
air_a083834e7ffe187e,2016-01-16 19:00:00,2016-01-07 16:00:00,7
air_a083834e7ffe187e,2016-01-17 20:00:00,2016-01-12 13:00:00,23
air_a083834e7ffe187e,2016-01-17 20:00:00,2016-01-16 22:00:00,3
air_a083834e7ffe187e,2016-01-19 20:00:00,2016-01-17 17:00:00,10
air_a083834e7ffe187e,2016-01-19 21:00:00,2016-01-18 23:00:00,2
air_a083834e7ffe187e,2016-01-19 22:00:00,2016-01-17 19:00:00,5
air_a083834e7ffe187e,2016-01-20 19:00:00,2016-01-17 21:00:00,3
air_a083834e7ffe187e,2016-01-20 19:00:00,2016-01-18 00:00:00,2
air_a083834e7ffe187e,2016-01-21 18:00:00,2016-01-18 22:00:00,5
air_a083834e7ffe187e,2016-01-21 18:00:00,2016-01-15 18:00:00,8
air_a083834e7ffe187e,2016-01-22 21:00:00,2016-01-14 20:00:00,6
air_a083834e7ffe187e,2016-01-22 21:00:00,2016-01-14 19:00:00,8
air_a083834e7ffe187e,2016-01-22 21:00:00,2016-01-21 19:00:00,2
air_a083834e7ffe187e,2016-01-22 21:00:00,2016-01-20 20:00:00,5
air_a083834e7ffe187e,2016-01-22 21:00:00,2016-01-15 14:00:00,3
air_a083834e7ffe187e,2016-01-22 21:00:00,2016-01-20 18:00:00,7
air_a083834e7ffe187e,2016-01-23 19:00:00,2016-01-19 13:00:00,3
air_a083834e7ffe187e,2016-01-23 19:00:00,2016-01-21 20:00:00,5
air_a083834e7ffe187e,2016-01-23 19:00:00,2016-01-21 21:00:00,2
air_a083834e7ffe187e,2016-01-23 19:00:00,2016-01-05 19:00:00,3
air_a083834e7ffe187e,2016-01-23 19:00:00,2016-01-18 09:00:00,3
air_a083834e7ffe187e,2016-01-23 19:00:00,2016-01-20 22:00:00,2
air_a083834e7ffe187e,2016-01-23 19:00:00,2016-01-10 18:00:00,3
air_a083834e7ffe187e,2016-01-23 19:00:00,2016-01-15 18:00:00,9
air_a083834e7ffe187e,2016-01-24 18:00:00,2016-01-23 16:00:00,2
air_a083834e7ffe187e,2016-01-24 19:00:00,2016-01-21 00:00:00,6
air_a083834e7ffe187e,2016-01-25 20:00:00,2016-01-24 11:00:00,4
air_a083834e7ffe187e,2016-01-26 20:00:00,2016-01-20 20:00:00,8
air_a083834e7ffe187e,2016-01-26 21:00:00,2016-01-23 21:00:00,2
air_a083834e7ffe187e,2016-01-27 19:00:00,2016-01-22 18:00:00,7
air_a083834e7ffe187e,2016-01-27 19:00:00,2016-01-27 04:00:00,2
air_a083834e7ffe187e,2016-01-27 19:00:00,2016-01-19 18:00:00,15
air_a083834e7ffe187e,2016-01-27 19:00:00,2016-01-25 22:00:00,2
air_a083834e7ffe187e,2016-01-27 21:00:00,2016-01-23 16:00:00,5
air_a083834e7ffe187e,2016-01-28 20:00:00,2016-01-25 22:00:00,5
air_a083834e7ffe187e,2016-01-28 20:00:00,2016-01-28 16:00:00,4
air_a083834e7ffe187e,2016-01-28 21:00:00,2016-01-27 22:00:00,3
air_a083834e7ffe187e,2016-01-28 21:00:00,2016-01-27 17:00:00,6
air_a083834e7ffe187e,2016-01-29 18:00:00,2016-01-26 01:00:00,10
air_a083834e7ffe187e,2016-01-29 18:00:00,2016-01-08 16:00:00,5
air_a083834e7ffe187e,2016-01-29 19:00:00,2016-01-24 16:00:00,7
air_a083834e7ffe187e,2016-01-29 19:00:00,2016-01-26 17:00:00,3
air_5c817ef28f236bdf,2016-01-29 20:00:00,2016-01-28 17:00:00,4
air_a083834e7ffe187e,2016-01-29 21:00:00,2016-01-28 17:00:00,6
air_a083834e7ffe187e,2016-01-29 21:00:00,2016-01-28 20:00:00,2
air_a083834e7ffe187e,2016-01-29 21:00:00,2016-01-22 11:00:00,2
air_a083834e7ffe187e,2016-01-29 21:00:00,2016-01-28 21:00:00,2
air_a083834e7ffe187e,2016-01-29 22:00:00,2016-01-26 18:00:00,2
air_a083834e7ffe187e,2016-01-29 23:00:00,2016-01-27 12:00:00,4
air_5c817ef28f236bdf,2016-01-30 17:00:00,2016-01-30 02:00:00,2
air_a083834e7ffe187e,2016-01-30 18:00:00,2016-01-21 20:00:00,2
air_a083834e7ffe187e,2016-01-30 18:00:00,2016-01-27 20:00:00,4
air_a083834e7ffe187e,2016-01-30 18:00:00,2016-01-22 11:00:00,4
air_a083834e7ffe187e,2016-01-30 18:00:00,2016-01-28 23:00:00,2
air_a083834e7ffe187e,2016-01-30 20:00:00,2016-01-29 22:00:00,2
air_a083834e7ffe187e,2016-01-30 20:00:00,2016-01-15 21:00:00,6
air_a083834e7ffe187e,2016-01-30 20:00:00,2016-01-29 12:00:00,2
air_a083834e7ffe187e,2016-01-30 20:00:00,2016-01-23 12:00:00,6
air_a083834e7ffe187e,2016-01-30 20:00:00,2016-01-25 23:00:00,2
air_a083834e7ffe187e,2016-01-30 20:00:00,2016-01-26 20:00:00,3
air_a083834e7ffe187e,2016-02-03 20:00:00,2016-01-28 23:00:00,2
air_a083834e7ffe187e,2016-02-04 20:00:00,2016-02-04 17:00:00,2
air_a083834e7ffe187e,2016-02-04 20:00:00,2016-02-04 15:00:00,2
air_a083834e7ffe187e,2016-02-04 20:00:00,2016-02-02 10:00:00,2
air_a083834e7ffe187e,2016-02-05 18:00:00,2016-01-27 22:00:00,3
air_a083834e7ffe187e,2016-02-05 18:00:00,2016-01-26 11:00:00,2
air_a083834e7ffe187e,2016-02-05 18:00:00,2016-01-24 20:00:00,7
air_a083834e7ffe187e,2016-02-05 20:00:00,2016-01-27 16:00:00,20
air_a083834e7ffe187e,2016-02-05 20:00:00,2016-02-04 19:00:00,3
air_a083834e7ffe187e,2016-02-05 20:00:00,2016-01-29 19:00:00,2
air_a083834e7ffe187e,2016-02-06 19:00:00,2016-02-03 19:00:00,13
air_a083834e7ffe187e,2016-02-06 19:00:00,2016-01-28 17:00:00,12
air_a083834e7ffe187e,2016-02-06 20:00:00,2016-01-31 21:00:00,4
air_a083834e7ffe187e,2016-02-06 20:00:00,2016-01-16 16:00:00,4
air_a083834e7ffe187e,2016-02-06 20:00:00,2016-02-06 14:00:00,3
air_a083834e7ffe187e,2016-02-06 21:00:00,2016-02-02 20:00:00,3
air_a083834e7ffe187e,2016-02-06 21:00:00,2016-02-06 14:00:00,2
air_a083834e7ffe187e,2016-02-06 21:00:00,2016-02-02 20:00:00,2
air_a083834e7ffe187e,2016-02-07 19:00:00,2016-02-04 19:00:00,2
air_a083834e7ffe187e,2016-02-07 19:00:00,2016-02-04 23:00:00,4
air_a083834e7ffe187e,2016-02-09 20:00:00,2016-02-08 17:00:00,12
air_a083834e7ffe187e,2016-02-09 20:00:00,2016-02-07 19:00:00,2
air_a083834e7ffe187e,2016-02-10 20:00:00,2016-02-10 13:00:00,2
air_a083834e7ffe187e,2016-02-10 20:00:00,2016-02-04 17:00:00,3
air_a083834e7ffe187e,2016-02-10 21:00:00,2016-02-10 12:00:00,3
air_a083834e7ffe187e,2016-02-10 21:00:00,2016-02-07 02:00:00,3
air_a083834e7ffe187e,2016-02-10 21:00:00,2016-02-09 17:00:00,7
air_a083834e7ffe187e,2016-02-10 21:00:00,2016-02-10 17:00:00,4
air_a083834e7ffe187e,2016-02-10 22:00:00,2016-02-08 18:00:00,2
air_a083834e7ffe187e,2016-02-10 22:00:00,2016-02-08 19:00:00,15
air_a083834e7ffe187e,2016-02-10 23:00:00,2016-02-07 11:00:00,3
air_a083834e7ffe187e,2016-02-11 20:00:00,2016-01-30 13:00:00,6
air_a083834e7ffe187e,2016-02-11 20:00:00,2016-02-05 20:00:00,3
air_a083834e7ffe187e,2016-02-11 20:00:00,2016-02-11 17:00:00,2
air_a083834e7ffe187e,2016-02-12 20:00:00,2016-01-29 23:00:00,3
air_a083834e7ffe187e,2016-02-12 20:00:00,2016-02-09 23:00:00,2
air_a083834e7ffe187e,2016-02-12 20:00:00,2016-02-07 19:00:00,8
air_a083834e7ffe187e,2016-02-12 20:00:00,2016-02-04 19:00:00,14
air_a083834e7ffe187e,2016-02-12 20:00:00,2016-02-12 16:00:00,2
air_a083834e7ffe187e,2016-02-12 20:00:00,2016-02-12 19:00:00,3
air_a083834e7ffe187e,2016-02-13 19:00:00,2016-01-27 17:00:00,13
air_a083834e7ffe187e,2016-02-13 19:00:00,2016-02-03 19:00:00,3
air_a083834e7ffe187e,2016-02-13 22:00:00,2016-02-08 22:00:00,3
air_a083834e7ffe187e,2016-02-14 20:00:00,2016-02-04 15:00:00,3
air_a083834e7ffe187e,2016-02-15 20:00:00,2016-02-15 01:00:00,3
air_a083834e7ffe187e,2016-02-15 22:00:00,2016-02-15 01:00:00,2
air_a083834e7ffe187e,2016-02-17 19:00:00,2016-02-16 19:00:00,5
air_a083834e7ffe187e,2016-02-18 19:00:00,2016-02-17 18:00:00,4
air_a083834e7ffe187e,2016-02-18 19:00:00,2016-02-07 15:00:00,3
air_a083834e7ffe187e,2016-02-18 19:00:00,2016-02-17 18:00:00,4
air_a083834e7ffe187e,2016-02-18 19:00:00,2016-02-18 17:00:00,2
air_a083834e7ffe187e,2016-02-19 19:00:00,2016-02-18 18:00:00,2
air_a083834e7ffe187e,2016-02-19 20:00:00,2016-02-16 21:00:00,2
air_a083834e7ffe187e,2016-02-19 21:00:00,2016-02-16 19:00:00,2
air_a083834e7ffe187e,2016-02-19 21:00:00,2016-02-17 18:00:00,3
air_a083834e7ffe187e,2016-02-19 21:00:00,2016-02-18 11:00:00,2
air_a083834e7ffe187e,2016-02-19 21:00:00,2016-02-16 20:00:00,7
air_a083834e7ffe187e,2016-02-19 21:00:00,2016-02-08 18:00:00,15
air_5c817ef28f236bdf,2016-02-19 23:00:00,2016-02-18 23:00:00,15
air_5c817ef28f236bdf,2016-02-20 20:00:00,2016-02-20 17:00:00,2
air_a083834e7ffe187e,2016-02-20 20:00:00,2016-02-07 23:00:00,3
air_a083834e7ffe187e,2016-02-20 20:00:00,2016-02-17 20:00:00,4
air_a083834e7ffe187e,2016-02-20 20:00:00,2016-02-15 20:00:00,5
air_a083834e7ffe187e,2016-02-20 20:00:00,2016-02-12 22:00:00,8
air_a083834e7ffe187e,2016-02-20 20:00:00,2016-02-18 20:00:00,3
air_a083834e7ffe187e,2016-02-20 20:00:00,2016-02-13 23:00:00,3
air_a083834e7ffe187e,2016-02-20 20:00:00,2016-02-18 22:00:00,3
air_a083834e7ffe187e,2016-02-21 20:00:00,2016-02-20 18:00:00,2
air_a083834e7ffe187e,2016-02-23 18:00:00,2016-02-07 15:00:00,3
air_5c817ef28f236bdf,2016-02-23 21:00:00,2016-02-23 17:00:00,14
air_a083834e7ffe187e,2016-02-24 18:00:00,2016-02-23 08:00:00,6
air_a083834e7ffe187e,2016-02-25 20:00:00,2016-02-16 22:00:00,4
air_a083834e7ffe187e,2016-02-26 18:00:00,2016-02-24 22:00:00,4
air_a083834e7ffe187e,2016-02-26 19:00:00,2016-02-25 19:00:00,2
air_a083834e7ffe187e,2016-02-26 19:00:00,2016-02-24 20:00:00,7
air_a083834e7ffe187e,2016-02-26 19:00:00,2016-02-23 23:00:00,7
air_a083834e7ffe187e,2016-02-27 18:00:00,2016-02-23 20:00:00,3
air_a083834e7ffe187e,2016-02-27 18:00:00,2016-02-19 16:00:00,4
air_a083834e7ffe187e,2016-02-27 18:00:00,2016-02-10 22:00:00,4
air_a083834e7ffe187e,2016-02-27 20:00:00,2016-02-27 14:00:00,4
air_a083834e7ffe187e,2016-02-27 20:00:00,2016-02-08 19:00:00,4
air_5c817ef28f236bdf,2016-02-28 20:00:00,2016-02-16 22:00:00,12
air_a083834e7ffe187e,2016-03-01 19:00:00,2016-02-22 16:00:00,7
air_a083834e7ffe187e,2016-03-01 19:00:00,2016-02-26 18:00:00,4
air_a083834e7ffe187e,2016-03-02 19:00:00,2016-02-17 10:00:00,2
air_a083834e7ffe187e,2016-03-02 19:00:00,2016-02-27 09:00:00,9
air_a083834e7ffe187e,2016-03-04 20:00:00,2016-02-26 17:00:00,6
air_a083834e7ffe187e,2016-03-04 21:00:00,2016-03-04 16:00:00,4
air_a083834e7ffe187e,2016-03-04 21:00:00,2016-03-03 18:00:00,3
air_a083834e7ffe187e,2016-03-05 18:00:00,2016-03-02 19:00:00,2
air_a083834e7ffe187e,2016-03-05 20:00:00,2016-03-05 17:00:00,2
air_a083834e7ffe187e,2016-03-05 20:00:00,2016-03-01 23:00:00,2
air_a083834e7ffe187e,2016-03-08 19:00:00,2016-02-08 21:00:00,2
air_a083834e7ffe187e,2016-03-09 19:00:00,2016-03-01 19:00:00,2
air_a083834e7ffe187e,2016-03-09 20:00:00,2016-03-07 20:00:00,3
air_a083834e7ffe187e,2016-03-10 20:00:00,2016-02-27 13:00:00,3
air_a083834e7ffe187e,2016-03-10 20:00:00,2016-03-09 19:00:00,3
air_a083834e7ffe187e,2016-03-10 20:00:00,2016-03-09 16:00:00,2
air_a083834e7ffe187e,2016-03-11 20:00:00,2016-02-25 10:00:00,4
air_a083834e7ffe187e,2016-03-11 21:00:00,2016-03-11 04:00:00,4
air_a083834e7ffe187e,2016-03-11 21:00:00,2016-03-10 21:00:00,6
air_a083834e7ffe187e,2016-03-11 21:00:00,2016-02-27 17:00:00,6
air_a083834e7ffe187e,2016-03-11 21:00:00,2016-03-08 19:00:00,5
air_a083834e7ffe187e,2016-03-11 21:00:00,2016-03-02 19:00:00,6
air_a083834e7ffe187e,2016-03-11 21:00:00,2016-03-07 23:00:00,2
air_a083834e7ffe187e,2016-03-11 21:00:00,2016-03-08 22:00:00,4
air_a083834e7ffe187e,2016-03-11 21:00:00,2016-03-09 14:00:00,2
air_5c817ef28f236bdf,2016-03-11 22:00:00,2016-03-09 21:00:00,17
air_a083834e7ffe187e,2016-03-12 18:00:00,2016-03-09 02:00:00,6
air_a083834e7ffe187e,2016-03-12 18:00:00,2016-03-08 23:00:00,2
air_a083834e7ffe187e,2016-03-12 18:00:00,2016-02-27 23:00:00,15
air_a083834e7ffe187e,2016-03-12 20:00:00,2016-03-12 09:00:00,2
air_a083834e7ffe187e,2016-03-12 21:00:00,2016-03-11 22:00:00,4
air_a083834e7ffe187e,2016-03-12 21:00:00,2016-03-12 15:00:00,2
air_a083834e7ffe187e,2016-03-13 18:00:00,2016-03-10 19:00:00,2
air_a083834e7ffe187e,2016-03-13 18:00:00,2016-03-13 16:00:00,5
air_5c817ef28f236bdf,2016-03-15 18:00:00,2016-03-15 16:00:00,7
air_a083834e7ffe187e,2016-03-15 18:00:00,2016-03-14 17:00:00,4
air_a083834e7ffe187e,2016-03-15 18:00:00,2016-02-29 17:00:00,7
air_a083834e7ffe187e,2016-03-16 19:00:00,2016-03-13 10:00:00,2
air_a083834e7ffe187e,2016-03-16 19:00:00,2016-03-11 18:00:00,8
air_a083834e7ffe187e,2016-03-16 19:00:00,2016-03-15 21:00:00,3
air_a083834e7ffe187e,2016-03-18 20:00:00,2016-03-18 15:00:00,2
air_a083834e7ffe187e,2016-03-18 20:00:00,2016-03-17 17:00:00,10
air_a083834e7ffe187e,2016-03-18 21:00:00,2016-02-15 22:00:00,2
air_a083834e7ffe187e,2016-03-18 21:00:00,2016-03-18 15:00:00,5
air_a083834e7ffe187e,2016-03-18 21:00:00,2016-03-17 18:00:00,8
air_a083834e7ffe187e,2016-03-18 21:00:00,2016-03-16 17:00:00,6
air_a083834e7ffe187e,2016-03-18 21:00:00,2016-03-16 22:00:00,5
air_a083834e7ffe187e,2016-03-19 19:00:00,2016-03-19 16:00:00,4
air_a083834e7ffe187e,2016-03-19 19:00:00,2016-03-19 00:00:00,4
air_a083834e7ffe187e,2016-03-19 19:00:00,2016-03-12 18:00:00,14
air_a083834e7ffe187e,2016-03-19 19:00:00,2016-03-16 20:00:00,6
air_a083834e7ffe187e,2016-03-20 19:00:00,2016-03-20 15:00:00,2
air_a083834e7ffe187e,2016-03-21 19:00:00,2016-03-10 21:00:00,4
air_a083834e7ffe187e,2016-03-23 19:00:00,2016-03-08 14:00:00,4
air_5c817ef28f236bdf,2016-03-24 19:00:00,2016-03-04 00:00:00,4
air_a083834e7ffe187e,2016-03-24 19:00:00,2016-03-23 22:00:00,4
air_a083834e7ffe187e,2016-03-25 18:00:00,2016-03-18 16:00:00,30
air_a083834e7ffe187e,2016-03-25 19:00:00,2016-02-24 12:00:00,15
air_a083834e7ffe187e,2016-03-25 21:00:00,2016-03-24 23:00:00,4
air_a083834e7ffe187e,2016-03-26 18:00:00,2016-03-22 22:00:00,6
air_a083834e7ffe187e,2016-03-26 18:00:00,2016-03-26 00:00:00,3
air_a083834e7ffe187e,2016-03-26 22:00:00,2016-03-14 21:00:00,8
air_a083834e7ffe187e,2016-03-28 19:00:00,2016-03-11 17:00:00,6
air_a083834e7ffe187e,2016-03-28 19:00:00,2016-03-27 23:00:00,4
air_a083834e7ffe187e,2016-03-28 20:00:00,2016-03-25 19:00:00,4
air_a083834e7ffe187e,2016-03-29 19:00:00,2016-03-26 15:00:00,4
air_a083834e7ffe187e,2016-03-30 19:00:00,2016-03-30 16:00:00,8
air_a083834e7ffe187e,2016-03-30 19:00:00,2016-03-30 10:00:00,3
air_a083834e7ffe187e,2016-03-30 20:00:00,2016-03-28 18:00:00,7
air_a083834e7ffe187e,2016-04-01 20:00:00,2016-03-30 22:00:00,3
air_a083834e7ffe187e,2016-04-01 20:00:00,2016-03-31 15:00:00,3
air_a083834e7ffe187e,2016-04-01 20:00:00,2016-03-29 20:00:00,5
air_a083834e7ffe187e,2016-04-01 20:00:00,2016-04-01 10:00:00,5
air_a083834e7ffe187e,2016-04-02 19:00:00,2016-04-01 21:00:00,2
air_a083834e7ffe187e,2016-04-05 19:00:00,2016-03-31 20:00:00,31
air_a083834e7ffe187e,2016-04-06 19:00:00,2016-03-29 20:00:00,10
air_a083834e7ffe187e,2016-04-08 19:00:00,2016-04-05 19:00:00,15
air_a083834e7ffe187e,2016-04-08 19:00:00,2016-03-29 19:00:00,3
air_a083834e7ffe187e,2016-04-08 20:00:00,2016-04-05 00:00:00,4
air_a083834e7ffe187e,2016-04-09 19:00:00,2016-04-09 10:00:00,2
air_5c817ef28f236bdf,2016-04-09 21:00:00,2016-04-08 19:00:00,4
air_a083834e7ffe187e,2016-04-10 19:00:00,2016-04-09 16:00:00,2
air_a083834e7ffe187e,2016-04-10 19:00:00,2016-04-09 13:00:00,6
air_a083834e7ffe187e,2016-04-12 20:00:00,2016-04-12 15:00:00,7
air_a083834e7ffe187e,2016-04-13 18:00:00,2016-04-08 12:00:00,4
air_a083834e7ffe187e,2016-04-13 19:00:00,2016-04-07 12:00:00,3
air_a083834e7ffe187e,2016-04-13 19:00:00,2016-04-11 18:00:00,4
air_a083834e7ffe187e,2016-04-15 20:00:00,2016-03-30 23:00:00,50
air_5c817ef28f236bdf,2016-04-16 19:00:00,2016-04-12 05:00:00,5
air_a083834e7ffe187e,2016-04-16 20:00:00,2016-04-12 19:00:00,17
air_a083834e7ffe187e,2016-04-16 21:00:00,2016-04-11 17:00:00,2
air_a083834e7ffe187e,2016-04-16 21:00:00,2016-04-11 15:00:00,7
air_a083834e7ffe187e,2016-04-16 21:00:00,2016-03-29 20:00:00,5
air_a083834e7ffe187e,2016-04-17 19:00:00,2016-04-17 16:00:00,3
air_a083834e7ffe187e,2016-04-20 18:00:00,2016-04-13 17:00:00,21
air_a083834e7ffe187e,2016-04-22 20:00:00,2016-04-18 19:00:00,7
air_a083834e7ffe187e,2016-04-22 21:00:00,2016-03-22 18:00:00,20
air_a083834e7ffe187e,2016-04-22 21:00:00,2016-04-13 17:00:00,19
air_a083834e7ffe187e,2016-04-23 18:00:00,2016-04-21 07:00:00,5
air_a083834e7ffe187e,2016-04-23 22:00:00,2016-04-23 14:00:00,7
air_5c817ef28f236bdf,2016-04-24 18:00:00,2016-04-23 08:00:00,3
air_a083834e7ffe187e,2016-04-25 18:00:00,2016-04-21 18:00:00,15
air_a083834e7ffe187e,2016-04-25 21:00:00,2016-04-17 18:00:00,6
air_a083834e7ffe187e,2016-04-25 21:00:00,2016-04-24 17:00:00,4
air_a083834e7ffe187e,2016-04-26 19:00:00,2016-04-19 23:00:00,50
air_a083834e7ffe187e,2016-04-27 20:00:00,2016-04-26 22:00:00,6
air_a083834e7ffe187e,2016-04-28 20:00:00,2016-04-27 17:00:00,5
air_a083834e7ffe187e,2016-04-28 21:00:00,2016-04-17 19:00:00,4
air_a083834e7ffe187e,2016-04-28 21:00:00,2016-04-14 20:00:00,4
air_a083834e7ffe187e,2016-04-28 22:00:00,2016-04-24 21:00:00,19
air_a083834e7ffe187e,2016-04-29 20:00:00,2016-04-27 22:00:00,2
air_a083834e7ffe187e,2016-04-29 20:00:00,2016-04-29 16:00:00,3
air_a083834e7ffe187e,2016-04-29 20:00:00,2016-04-29 00:00:00,2
air_a083834e7ffe187e,2016-04-30 18:00:00,2016-04-30 13:00:00,2
air_a083834e7ffe187e,2016-04-30 20:00:00,2016-04-01 19:00:00,14
air_a083834e7ffe187e,2016-04-30 21:00:00,2016-04-12 18:00:00,4
air_a083834e7ffe187e,2016-04-30 21:00:00,2016-04-30 12:00:00,2
air_a083834e7ffe187e,2016-04-30 22:00:00,2016-04-26 23:00:00,5
air_a083834e7ffe187e,2016-05-01 17:00:00,2016-04-30 18:00:00,5
air_a083834e7ffe187e,2016-05-01 19:00:00,2016-04-29 00:00:00,7
air_a083834e7ffe187e,2016-05-02 21:00:00,2016-04-30 22:00:00,4
air_a083834e7ffe187e,2016-05-03 18:00:00,2016-04-30 17:00:00,4
air_a083834e7ffe187e,2016-05-03 19:00:00,2016-04-25 17:00:00,2
air_a083834e7ffe187e,2016-05-04 19:00:00,2016-05-03 18:00:00,2
air_a083834e7ffe187e,2016-05-04 19:00:00,2016-05-03 20:00:00,2
air_a083834e7ffe187e,2016-05-06 22:00:00,2016-05-03 00:00:00,3
air_a083834e7ffe187e,2016-05-07 18:00:00,2016-05-07 18:00:00,2
air_a083834e7ffe187e,2016-05-09 20:00:00,2016-05-08 14:00:00,4
air_a083834e7ffe187e,2016-05-10 22:00:00,2016-05-08 23:00:00,3
air_a083834e7ffe187e,2016-05-11 20:00:00,2016-05-10 15:00:00,5
air_a083834e7ffe187e,2016-05-11 22:00:00,2016-05-10 18:00:00,8
air_a083834e7ffe187e,2016-05-12 20:00:00,2016-04-25 17:00:00,9
air_a083834e7ffe187e,2016-05-13 19:00:00,2016-05-09 22:00:00,7
air_a083834e7ffe187e,2016-05-13 20:00:00,2016-05-09 21:00:00,4
air_a083834e7ffe187e,2016-05-14 19:00:00,2016-05-14 11:00:00,2
air_a083834e7ffe187e,2016-05-14 20:00:00,2016-05-14 16:00:00,2
air_a083834e7ffe187e,2016-05-14 21:00:00,2016-05-12 17:00:00,7
air_a083834e7ffe187e,2016-05-17 18:00:00,2016-05-13 18:00:00,7
air_a083834e7ffe187e,2016-05-19 21:00:00,2016-05-18 23:00:00,2
air_a083834e7ffe187e,2016-05-20 20:00:00,2016-05-09 21:00:00,5
air_a083834e7ffe187e,2016-05-20 20:00:00,2016-05-17 00:00:00,13
air_a083834e7ffe187e,2016-05-20 21:00:00,2016-05-05 18:00:00,12
air_a083834e7ffe187e,2016-05-20 21:00:00,2016-05-18 22:00:00,4
air_a083834e7ffe187e,2016-05-20 22:00:00,2016-05-19 22:00:00,3
air_a083834e7ffe187e,2016-05-21 19:00:00,2016-05-06 21:00:00,2
air_a083834e7ffe187e,2016-05-21 20:00:00,2016-05-16 18:00:00,3
air_a083834e7ffe187e,2016-05-21 20:00:00,2016-05-20 20:00:00,4
air_a083834e7ffe187e,2016-05-21 21:00:00,2016-05-18 21:00:00,4
air_a083834e7ffe187e,2016-05-21 21:00:00,2016-05-20 21:00:00,2
air_a083834e7ffe187e,2016-05-21 21:00:00,2016-05-21 00:00:00,3
air_a083834e7ffe187e,2016-05-21 21:00:00,2016-05-20 21:00:00,4
air_a083834e7ffe187e,2016-05-21 21:00:00,2016-05-14 16:00:00,8
air_a083834e7ffe187e,2016-05-21 21:00:00,2016-05-20 21:00:00,4
air_a083834e7ffe187e,2016-05-22 20:00:00,2016-05-21 23:00:00,4
air_a083834e7ffe187e,2016-05-22 20:00:00,2016-05-18 00:00:00,2
air_a083834e7ffe187e,2016-05-22 20:00:00,2016-05-21 22:00:00,3
air_a083834e7ffe187e,2016-05-25 19:00:00,2016-05-24 22:00:00,14
air_a083834e7ffe187e,2016-05-25 21:00:00,2016-05-18 20:00:00,18
air_a083834e7ffe187e,2016-05-25 21:00:00,2016-05-24 20:00:00,2
air_a083834e7ffe187e,2016-05-26 22:00:00,2016-05-23 21:00:00,6
air_a083834e7ffe187e,2016-05-27 19:00:00,2016-05-24 17:00:00,8
air_a083834e7ffe187e,2016-05-27 20:00:00,2016-05-27 17:00:00,3
air_a083834e7ffe187e,2016-05-27 21:00:00,2016-05-19 21:00:00,3
air_a083834e7ffe187e,2016-05-27 21:00:00,2016-05-16 21:00:00,3
air_a083834e7ffe187e,2016-05-27 21:00:00,2016-05-26 18:00:00,2
air_a083834e7ffe187e,2016-05-27 22:00:00,2016-05-25 13:00:00,6
air_a083834e7ffe187e,2016-10-27 20:00:00,2016-10-07 18:00:00,11
air_a083834e7ffe187e,2016-10-27 20:00:00,2016-10-12 18:00:00,4
air_a083834e7ffe187e,2016-10-27 20:00:00,2016-10-25 22:00:00,4
air_a083834e7ffe187e,2016-10-28 18:00:00,2016-10-24 19:00:00,12
air_a083834e7ffe187e,2016-10-28 18:00:00,2016-10-25 23:00:00,2
air_a083834e7ffe187e,2016-10-28 18:00:00,2016-10-20 18:00:00,2
air_a083834e7ffe187e,2016-10-28 19:00:00,2016-10-24 22:00:00,2
air_a083834e7ffe187e,2016-10-28 19:00:00,2016-10-28 14:00:00,4
air_a083834e7ffe187e,2016-10-28 20:00:00,2016-10-24 21:00:00,10
air_a083834e7ffe187e,2016-10-29 18:00:00,2016-10-19 21:00:00,3
air_a083834e7ffe187e,2016-10-29 18:00:00,2016-10-29 16:00:00,2
air_a083834e7ffe187e,2016-10-29 19:00:00,2016-10-14 17:00:00,20
air_a083834e7ffe187e,2016-10-31 20:00:00,2016-10-21 18:00:00,6
air_a083834e7ffe187e,2016-11-01 18:00:00,2016-10-26 18:00:00,19
air_a083834e7ffe187e,2016-11-01 18:00:00,2016-10-28 18:00:00,4
air_a083834e7ffe187e,2016-11-01 19:00:00,2016-11-01 13:00:00,2
air_a083834e7ffe187e,2016-11-01 21:00:00,2016-10-31 23:00:00,3
air_a083834e7ffe187e,2016-11-02 20:00:00,2016-10-31 15:00:00,5
air_a083834e7ffe187e,2016-11-02 20:00:00,2016-10-25 19:00:00,4
air_a083834e7ffe187e,2016-11-02 20:00:00,2016-11-02 16:00:00,4
air_a083834e7ffe187e,2016-11-02 21:00:00,2016-10-27 18:00:00,6
air_a083834e7ffe187e,2016-11-02 21:00:00,2016-11-01 20:00:00,6
air_a083834e7ffe187e,2016-11-03 19:00:00,2016-10-31 21:00:00,3
air_a083834e7ffe187e,2016-11-04 19:00:00,2016-11-02 18:00:00,4
air_a083834e7ffe187e,2016-11-04 19:00:00,2016-10-18 19:00:00,8
air_a083834e7ffe187e,2016-11-05 18:00:00,2016-11-04 21:00:00,2
air_a083834e7ffe187e,2016-11-05 18:00:00,2016-11-05 16:00:00,2
air_a083834e7ffe187e,2016-11-05 18:00:00,2016-11-04 22:00:00,2
air_a083834e7ffe187e,2016-11-05 19:00:00,2016-10-13 17:00:00,7
air_a083834e7ffe187e,2016-11-05 19:00:00,2016-10-28 17:00:00,2
air_a083834e7ffe187e,2016-11-05 21:00:00,2016-11-05 17:00:00,4
air_a083834e7ffe187e,2016-11-05 21:00:00,2016-11-05 15:00:00,4
air_a083834e7ffe187e,2016-11-06 19:00:00,2016-11-04 23:00:00,2
air_a083834e7ffe187e,2016-11-07 21:00:00,2016-10-31 17:00:00,2
air_a083834e7ffe187e,2016-11-07 22:00:00,2016-10-21 18:00:00,10
air_a083834e7ffe187e,2016-11-09 20:00:00,2016-10-27 20:00:00,18
air_a083834e7ffe187e,2016-11-10 20:00:00,2016-11-09 17:00:00,6
air_a083834e7ffe187e,2016-11-10 20:00:00,2016-11-07 18:00:00,5
air_a083834e7ffe187e,2016-11-10 20:00:00,2016-10-24 15:00:00,17
air_a083834e7ffe187e,2016-11-11 20:00:00,2016-11-02 17:00:00,6
air_a083834e7ffe187e,2016-11-11 20:00:00,2016-10-24 15:00:00,8
air_a083834e7ffe187e,2016-11-11 20:00:00,2016-11-09 18:00:00,2
air_a083834e7ffe187e,2016-11-11 21:00:00,2016-10-18 18:00:00,13
air_a083834e7ffe187e,2016-11-11 21:00:00,2016-11-10 20:00:00,3
air_a083834e7ffe187e,2016-11-11 21:00:00,2016-11-07 23:00:00,2
air_a083834e7ffe187e,2016-11-11 23:00:00,2016-11-10 20:00:00,2
air_a083834e7ffe187e,2016-11-12 00:00:00,2016-11-11 00:00:00,2
air_a083834e7ffe187e,2016-11-12 18:00:00,2016-10-25 18:00:00,26
air_a083834e7ffe187e,2016-11-12 20:00:00,2016-10-20 23:00:00,8
air_a083834e7ffe187e,2016-11-12 22:00:00,2016-11-09 22:00:00,4
air_5c817ef28f236bdf,2016-11-13 18:00:00,2016-11-13 18:00:00,3
air_5c817ef28f236bdf,2016-11-13 21:00:00,2016-11-13 18:00:00,5
air_a083834e7ffe187e,2016-11-14 19:00:00,2016-11-13 00:00:00,11
air_a083834e7ffe187e,2016-11-14 19:00:00,2016-11-07 12:00:00,3
air_a083834e7ffe187e,2016-11-14 23:00:00,2016-11-11 11:00:00,5
air_a083834e7ffe187e,2016-11-15 20:00:00,2016-11-14 13:00:00,2
air_a083834e7ffe187e,2016-11-16 19:00:00,2016-11-10 20:00:00,7
air_a083834e7ffe187e,2016-11-16 19:00:00,2016-10-18 00:00:00,2
air_a083834e7ffe187e,2016-11-16 22:00:00,2016-11-14 17:00:00,5
air_a083834e7ffe187e,2016-11-17 20:00:00,2016-11-11 18:00:00,2
air_a083834e7ffe187e,2016-11-18 18:00:00,2016-11-16 12:00:00,4
air_5c817ef28f236bdf,2016-11-18 19:00:00,2016-11-13 11:00:00,3
air_a083834e7ffe187e,2016-11-18 19:00:00,2016-11-14 21:00:00,5
air_a083834e7ffe187e,2016-11-18 19:00:00,2016-11-15 22:00:00,4
air_a083834e7ffe187e,2016-11-18 19:00:00,2016-11-17 20:00:00,4
air_a083834e7ffe187e,2016-11-18 19:00:00,2016-11-16 16:00:00,5
air_a083834e7ffe187e,2016-11-18 19:00:00,2016-11-16 21:00:00,5
air_a083834e7ffe187e,2016-11-18 20:00:00,2016-11-17 13:00:00,4
air_a083834e7ffe187e,2016-11-19 18:00:00,2016-11-19 16:00:00,4
air_a083834e7ffe187e,2016-11-19 18:00:00,2016-11-08 19:00:00,3
air_a083834e7ffe187e,2016-11-19 18:00:00,2016-11-06 18:00:00,3
air_a083834e7ffe187e,2016-11-19 18:00:00,2016-11-02 19:00:00,5
air_a083834e7ffe187e,2016-11-19 18:00:00,2016-11-18 14:00:00,2
air_a083834e7ffe187e,2016-11-19 19:00:00,2016-11-19 16:00:00,2
air_a083834e7ffe187e,2016-11-19 19:00:00,2016-11-18 19:00:00,2
air_a083834e7ffe187e,2016-11-19 20:00:00,2016-11-18 20:00:00,2
air_a083834e7ffe187e,2016-11-19 20:00:00,2016-11-15 22:00:00,6
air_a083834e7ffe187e,2016-11-21 18:00:00,2016-11-04 19:00:00,2
air_a083834e7ffe187e,2016-11-21 18:00:00,2016-11-17 21:00:00,4
air_a083834e7ffe187e,2016-11-22 18:00:00,2016-11-16 18:00:00,3
air_a083834e7ffe187e,2016-11-22 18:00:00,2016-11-08 19:00:00,6
air_a083834e7ffe187e,2016-11-22 19:00:00,2016-11-03 17:00:00,11
air_a083834e7ffe187e,2016-11-22 19:00:00,2016-11-20 01:00:00,4
air_a083834e7ffe187e,2016-11-22 20:00:00,2016-11-15 22:00:00,2
air_a083834e7ffe187e,2016-11-22 20:00:00,2016-11-18 18:00:00,4
air_a083834e7ffe187e,2016-11-22 20:00:00,2016-11-13 18:00:00,4
air_a083834e7ffe187e,2016-11-23 18:00:00,2016-11-23 17:00:00,2
air_a083834e7ffe187e,2016-11-23 18:00:00,2016-11-22 16:00:00,6
air_a083834e7ffe187e,2016-11-23 18:00:00,2016-11-23 17:00:00,2
air_a083834e7ffe187e,2016-11-24 19:00:00,2016-11-24 15:00:00,2
air_a083834e7ffe187e,2016-11-25 18:00:00,2016-11-24 18:00:00,3
air_a083834e7ffe187e,2016-11-25 18:00:00,2016-11-03 21:00:00,5
air_a083834e7ffe187e,2016-11-25 19:00:00,2016-11-25 18:00:00,3
air_a083834e7ffe187e,2016-11-25 19:00:00,2016-11-22 17:00:00,3
air_a083834e7ffe187e,2016-11-25 20:00:00,2016-11-25 18:00:00,2
air_a083834e7ffe187e,2016-11-25 21:00:00,2016-11-23 20:00:00,2
air_a083834e7ffe187e,2016-11-25 22:00:00,2016-11-20 21:00:00,4
air_a083834e7ffe187e,2016-11-25 22:00:00,2016-11-24 10:00:00,3
air_a083834e7ffe187e,2016-11-26 18:00:00,2016-11-24 20:00:00,5
air_a083834e7ffe187e,2016-11-26 18:00:00,2016-11-13 20:00:00,3
air_a083834e7ffe187e,2016-11-26 18:00:00,2016-11-01 15:00:00,3
air_a083834e7ffe187e,2016-11-26 18:00:00,2016-11-22 21:00:00,3
air_a083834e7ffe187e,2016-11-26 19:00:00,2016-11-20 09:00:00,3
air_a083834e7ffe187e,2016-11-26 20:00:00,2016-11-14 15:00:00,11
air_a083834e7ffe187e,2016-11-26 20:00:00,2016-11-23 21:00:00,2
air_a083834e7ffe187e,2016-11-26 20:00:00,2016-11-23 17:00:00,3
air_a083834e7ffe187e,2016-11-26 20:00:00,2016-11-23 17:00:00,4
air_a083834e7ffe187e,2016-11-26 20:00:00,2016-11-19 00:00:00,3
air_a083834e7ffe187e,2016-11-27 18:00:00,2016-11-15 21:00:00,7
air_a083834e7ffe187e,2016-11-27 19:00:00,2016-11-25 18:00:00,3
air_a083834e7ffe187e,2016-11-29 19:00:00,2016-11-20 23:00:00,2
air_a083834e7ffe187e,2016-11-29 19:00:00,2016-11-29 19:00:00,2
air_a083834e7ffe187e,2016-11-30 19:00:00,2016-11-22 20:00:00,2
air_a083834e7ffe187e,2016-11-30 20:00:00,2016-11-28 00:00:00,7
air_a083834e7ffe187e,2016-11-30 20:00:00,2016-11-25 23:00:00,2
air_a083834e7ffe187e,2016-11-30 20:00:00,2016-11-07 18:00:00,14
air_a083834e7ffe187e,2016-11-30 20:00:00,2016-11-21 17:00:00,9
air_5c817ef28f236bdf,2016-12-01 17:00:00,2016-11-27 17:00:00,2
air_a083834e7ffe187e,2016-12-01 20:00:00,2016-11-30 22:00:00,2
air_a083834e7ffe187e,2016-12-02 18:00:00,2016-11-18 18:00:00,5
air_a083834e7ffe187e,2016-12-02 18:00:00,2016-11-18 12:00:00,3
air_a083834e7ffe187e,2016-12-02 19:00:00,2016-11-28 20:00:00,2
air_a083834e7ffe187e,2016-12-02 19:00:00,2016-11-21 18:00:00,7
air_a083834e7ffe187e,2016-12-02 19:00:00,2016-11-20 23:00:00,5
air_a083834e7ffe187e,2016-12-02 20:00:00,2016-11-24 13:00:00,18
air_a083834e7ffe187e,2016-12-03 18:00:00,2016-11-10 20:00:00,27
air_a083834e7ffe187e,2016-12-03 18:00:00,2016-11-28 22:00:00,2
air_a083834e7ffe187e,2016-12-03 18:00:00,2016-11-04 00:00:00,2
air_a083834e7ffe187e,2016-12-03 19:00:00,2016-11-30 17:00:00,2
air_a083834e7ffe187e,2016-12-03 20:00:00,2016-10-11 23:00:00,13
air_a083834e7ffe187e,2016-12-04 18:00:00,2016-12-03 00:00:00,2
air_a083834e7ffe187e,2016-12-04 19:00:00,2016-12-04 16:00:00,3
air_a083834e7ffe187e,2016-12-04 20:00:00,2016-12-04 16:00:00,4
air_a083834e7ffe187e,2016-12-04 22:00:00,2016-11-28 19:00:00,29
air_a083834e7ffe187e,2016-12-06 18:00:00,2016-12-05 17:00:00,5
air_a083834e7ffe187e,2016-12-06 19:00:00,2016-12-06 13:00:00,4
air_a083834e7ffe187e,2016-12-06 20:00:00,2016-12-05 20:00:00,2
air_a083834e7ffe187e,2016-12-06 20:00:00,2016-12-06 14:00:00,3
air_a083834e7ffe187e,2016-12-07 18:00:00,2016-12-02 17:00:00,9
air_a083834e7ffe187e,2016-12-07 18:00:00,2016-12-04 19:00:00,2
air_a083834e7ffe187e,2016-12-07 19:00:00,2016-12-06 23:00:00,2
air_a083834e7ffe187e,2016-12-07 19:00:00,2016-11-27 19:00:00,13
air_a083834e7ffe187e,2016-12-08 20:00:00,2016-12-05 19:00:00,2
air_a083834e7ffe187e,2016-12-08 20:00:00,2016-12-08 19:00:00,4
air_a083834e7ffe187e,2016-12-08 23:00:00,2016-12-01 13:00:00,5
air_a083834e7ffe187e,2016-12-09 17:00:00,2016-11-15 18:00:00,6
air_a083834e7ffe187e,2016-12-09 18:00:00,2016-11-17 20:00:00,5
air_a083834e7ffe187e,2016-12-09 19:00:00,2016-11-30 18:00:00,4
air_a083834e7ffe187e,2016-12-09 19:00:00,2016-11-10 17:00:00,18
air_a083834e7ffe187e,2016-12-09 19:00:00,2016-12-05 12:00:00,2
air_a083834e7ffe187e,2016-12-09 21:00:00,2016-12-05 21:00:00,4
air_a083834e7ffe187e,2016-12-09 22:00:00,2016-12-08 22:00:00,3
air_a083834e7ffe187e,2016-12-10 18:00:00,2016-11-14 23:00:00,23
air_a083834e7ffe187e,2016-12-10 18:00:00,2016-12-07 21:00:00,3
air_a083834e7ffe187e,2016-12-10 19:00:00,2016-12-07 22:00:00,2
air_a083834e7ffe187e,2016-12-10 19:00:00,2016-12-06 22:00:00,2
air_a083834e7ffe187e,2016-12-10 19:00:00,2016-11-14 21:00:00,4
air_a083834e7ffe187e,2016-12-10 19:00:00,2016-12-08 02:00:00,2
air_a083834e7ffe187e,2016-12-10 21:00:00,2016-12-07 16:00:00,3
air_a083834e7ffe187e,2016-12-10 22:00:00,2016-12-06 22:00:00,4
air_a083834e7ffe187e,2016-12-11 18:00:00,2016-12-07 16:00:00,2
air_a083834e7ffe187e,2016-12-11 19:00:00,2016-12-07 17:00:00,4
air_a083834e7ffe187e,2016-12-11 19:00:00,2016-12-04 19:00:00,7
air_a083834e7ffe187e,2016-12-11 19:00:00,2016-12-09 21:00:00,2
air_a083834e7ffe187e,2016-12-11 19:00:00,2016-12-08 19:00:00,3
air_a083834e7ffe187e,2016-12-11 20:00:00,2016-12-11 18:00:00,2
air_a083834e7ffe187e,2016-12-11 20:00:00,2016-11-25 19:00:00,5
air_a083834e7ffe187e,2016-12-11 20:00:00,2016-12-11 17:00:00,2
air_a083834e7ffe187e,2016-12-12 18:00:00,2016-12-09 22:00:00,2
air_a083834e7ffe187e,2016-12-12 21:00:00,2016-12-10 17:00:00,2
air_a083834e7ffe187e,2016-12-13 19:00:00,2016-11-14 21:00:00,20
air_a083834e7ffe187e,2016-12-13 19:00:00,2016-11-18 15:00:00,9
air_a083834e7ffe187e,2016-12-13 19:00:00,2016-12-12 21:00:00,2
air_a083834e7ffe187e,2016-12-13 21:00:00,2016-12-12 22:00:00,2
air_a083834e7ffe187e,2016-12-14 18:00:00,2016-11-29 17:00:00,30
air_a083834e7ffe187e,2016-12-14 18:00:00,2016-12-12 16:00:00,13
air_a083834e7ffe187e,2016-12-14 19:00:00,2016-12-14 17:00:00,4
air_a083834e7ffe187e,2016-12-15 18:00:00,2016-12-13 12:00:00,8
air_5c817ef28f236bdf,2016-12-15 19:00:00,2016-12-14 11:00:00,6
air_a083834e7ffe187e,2016-12-15 19:00:00,2016-12-14 13:00:00,7
air_a083834e7ffe187e,2016-12-15 19:00:00,2016-12-03 16:00:00,3
air_a083834e7ffe187e,2016-12-15 19:00:00,2016-12-14 17:00:00,2
air_a083834e7ffe187e,2016-12-15 19:00:00,2016-11-25 17:00:00,14
air_a083834e7ffe187e,2016-12-15 19:00:00,2016-12-01 21:00:00,11
air_a083834e7ffe187e,2016-12-16 18:00:00,2016-12-05 12:00:00,2
air_5c817ef28f236bdf,2016-12-16 19:00:00,2016-12-16 19:00:00,2
air_a083834e7ffe187e,2016-12-16 19:00:00,2016-10-01 19:00:00,40
air_a083834e7ffe187e,2016-12-16 19:00:00,2016-11-30 08:00:00,3
air_a083834e7ffe187e,2016-12-16 19:00:00,2016-11-14 18:00:00,8
air_5c817ef28f236bdf,2016-12-17 18:00:00,2016-12-15 18:00:00,4
air_5c817ef28f236bdf,2016-12-17 18:00:00,2016-12-14 22:00:00,4
air_5c817ef28f236bdf,2016-12-17 18:00:00,2016-12-10 06:00:00,9
air_a083834e7ffe187e,2016-12-17 18:00:00,2016-12-06 18:00:00,2
air_a083834e7ffe187e,2016-12-17 18:00:00,2016-10-20 16:00:00,13
air_a083834e7ffe187e,2016-12-17 18:00:00,2016-12-06 18:00:00,2
air_a083834e7ffe187e,2016-12-17 18:00:00,2016-11-27 16:00:00,4
air_a083834e7ffe187e,2016-12-17 18:00:00,2016-11-26 17:00:00,13
air_a083834e7ffe187e,2016-12-17 19:00:00,2016-11-19 18:00:00,7
air_a083834e7ffe187e,2016-12-17 20:00:00,2016-12-10 01:00:00,3
air_a083834e7ffe187e,2016-12-17 21:00:00,2016-12-11 20:00:00,2
air_a083834e7ffe187e,2016-12-18 18:00:00,2016-12-10 22:00:00,7
air_a083834e7ffe187e,2016-12-18 18:00:00,2016-12-11 20:00:00,2
air_a083834e7ffe187e,2016-12-18 18:00:00,2016-12-17 23:00:00,4
air_a083834e7ffe187e,2016-12-18 18:00:00,2016-12-18 13:00:00,2
air_a083834e7ffe187e,2016-12-18 19:00:00,2016-12-14 20:00:00,6
air_a083834e7ffe187e,2016-12-18 20:00:00,2016-12-03 22:00:00,5
air_a083834e7ffe187e,2016-12-18 23:00:00,2016-12-17 20:00:00,2
air_a083834e7ffe187e,2016-12-19 19:00:00,2016-12-15 16:00:00,10
air_a083834e7ffe187e,2016-12-19 19:00:00,2016-12-13 21:00:00,5
air_a083834e7ffe187e,2016-12-19 19:00:00,2016-12-15 17:00:00,5
air_a083834e7ffe187e,2016-12-19 21:00:00,2016-12-17 17:00:00,4
air_a083834e7ffe187e,2016-12-19 22:00:00,2016-12-19 17:00:00,4
air_a083834e7ffe187e,2016-12-20 18:00:00,2016-12-09 20:00:00,2
air_a083834e7ffe187e,2016-12-20 18:00:00,2016-12-07 23:00:00,3
air_a083834e7ffe187e,2016-12-20 21:00:00,2016-12-19 17:00:00,3
air_a083834e7ffe187e,2016-12-20 21:00:00,2016-12-19 19:00:00,2
air_a083834e7ffe187e,2016-12-20 21:00:00,2016-12-10 22:00:00,3
air_a083834e7ffe187e,2016-12-20 21:00:00,2016-12-12 20:00:00,10
air_a083834e7ffe187e,2016-12-20 21:00:00,2016-12-12 16:00:00,16
air_a083834e7ffe187e,2016-12-21 00:00:00,2016-12-18 01:00:00,2
air_a083834e7ffe187e,2016-12-21 19:00:00,2016-12-05 17:00:00,9
air_a083834e7ffe187e,2016-12-21 19:00:00,2016-12-19 13:00:00,2
air_a083834e7ffe187e,2016-12-21 22:00:00,2016-12-18 11:00:00,3
air_a083834e7ffe187e,2016-12-21 23:00:00,2016-12-20 23:00:00,3
air_a083834e7ffe187e,2016-12-21 23:00:00,2016-12-20 14:00:00,2
air_a083834e7ffe187e,2016-12-22 00:00:00,2016-12-20 20:00:00,5
air_a083834e7ffe187e,2016-12-22 19:00:00,2016-12-21 18:00:00,2
air_a083834e7ffe187e,2016-12-22 19:00:00,2016-11-08 15:00:00,9
air_a083834e7ffe187e,2016-12-22 19:00:00,2016-11-15 15:00:00,10
air_a083834e7ffe187e,2016-12-22 19:00:00,2016-12-20 19:00:00,2
air_a083834e7ffe187e,2016-12-22 19:00:00,2016-11-09 20:00:00,6
air_a083834e7ffe187e,2016-12-22 19:00:00,2016-12-08 15:00:00,16
air_a083834e7ffe187e,2016-12-22 19:00:00,2016-11-15 09:00:00,8
air_a083834e7ffe187e,2016-12-22 22:00:00,2016-10-06 18:00:00,41
air_a083834e7ffe187e,2016-12-23 18:00:00,2016-12-10 21:00:00,9
air_a083834e7ffe187e,2016-12-23 19:00:00,2016-12-23 14:00:00,3
air_a083834e7ffe187e,2016-12-23 19:00:00,2016-12-22 09:00:00,2
air_a083834e7ffe187e,2016-12-23 20:00:00,2016-12-23 17:00:00,2
air_a083834e7ffe187e,2016-12-23 20:00:00,2016-12-13 12:00:00,2
air_a083834e7ffe187e,2016-12-23 20:00:00,2016-12-15 21:00:00,2
air_a083834e7ffe187e,2016-12-23 20:00:00,2016-12-09 23:00:00,2
air_a083834e7ffe187e,2016-12-23 20:00:00,2016-11-28 20:00:00,12
air_a083834e7ffe187e,2016-12-23 20:00:00,2016-12-09 21:00:00,7
air_a083834e7ffe187e,2016-12-24 19:00:00,2016-12-21 21:00:00,2
air_a083834e7ffe187e,2016-12-24 19:00:00,2016-12-21 20:00:00,2
air_a083834e7ffe187e,2016-12-24 19:00:00,2016-12-22 23:00:00,2
air_a083834e7ffe187e,2016-12-24 19:00:00,2016-12-18 19:00:00,5
air_a083834e7ffe187e,2016-12-24 19:00:00,2016-12-14 19:00:00,4
air_a083834e7ffe187e,2016-12-24 19:00:00,2016-12-12 21:00:00,2
air_a083834e7ffe187e,2016-12-24 19:00:00,2016-12-15 20:00:00,2
air_a083834e7ffe187e,2016-12-25 20:00:00,2016-12-25 17:00:00,2
air_a083834e7ffe187e,2016-12-25 20:00:00,2016-12-10 20:00:00,2
air_a083834e7ffe187e,2016-12-26 18:00:00,2016-12-07 23:00:00,3
air_a083834e7ffe187e,2016-12-26 19:00:00,2016-12-26 16:00:00,2
air_a083834e7ffe187e,2016-12-26 19:00:00,2016-12-18 13:00:00,2
air_a083834e7ffe187e,2016-12-26 21:00:00,2016-12-22 21:00:00,6
air_a083834e7ffe187e,2016-12-26 21:00:00,2016-12-23 10:00:00,8
air_a083834e7ffe187e,2016-12-26 21:00:00,2016-12-25 17:00:00,5
air_a083834e7ffe187e,2016-12-27 18:00:00,2016-12-13 13:00:00,25
air_a083834e7ffe187e,2016-12-27 18:00:00,2016-12-07 20:00:00,6
air_a083834e7ffe187e,2016-12-27 18:00:00,2016-12-08 16:00:00,8
air_a083834e7ffe187e,2016-12-27 18:00:00,2016-11-30 10:00:00,4
air_a083834e7ffe187e,2016-12-28 19:00:00,2016-12-22 21:00:00,3
air_a083834e7ffe187e,2016-12-28 20:00:00,2016-12-28 15:00:00,3
air_a083834e7ffe187e,2016-12-28 20:00:00,2016-12-27 19:00:00,3
air_a083834e7ffe187e,2016-12-28 20:00:00,2016-12-19 17:00:00,12
air_a083834e7ffe187e,2016-12-28 20:00:00,2016-12-14 18:00:00,16
air_a083834e7ffe187e,2016-12-28 21:00:00,2016-12-12 16:00:00,4
air_a083834e7ffe187e,2016-12-28 21:00:00,2016-12-14 23:00:00,6
air_a083834e7ffe187e,2016-12-29 18:00:00,2016-12-18 22:00:00,9
air_a083834e7ffe187e,2016-12-29 19:00:00,2016-12-07 12:00:00,8
air_a083834e7ffe187e,2016-12-29 19:00:00,2016-12-15 22:00:00,5
air_a083834e7ffe187e,2016-12-29 19:00:00,2016-12-20 00:00:00,4
air_a083834e7ffe187e,2016-12-29 19:00:00,2016-12-09 18:00:00,4
air_a083834e7ffe187e,2016-12-29 19:00:00,2016-12-23 20:00:00,4
air_a083834e7ffe187e,2016-12-29 20:00:00,2016-12-10 22:00:00,3
air_a083834e7ffe187e,2016-12-29 20:00:00,2016-12-06 09:00:00,6
air_a083834e7ffe187e,2016-12-29 20:00:00,2016-12-23 01:00:00,3
air_a083834e7ffe187e,2016-12-29 23:00:00,2016-12-21 20:00:00,2
air_a083834e7ffe187e,2016-12-30 18:00:00,2016-12-20 14:00:00,4
air_a083834e7ffe187e,2016-12-30 19:00:00,2016-12-21 17:00:00,10
air_a083834e7ffe187e,2016-12-30 19:00:00,2016-12-13 20:00:00,9
air_a083834e7ffe187e,2016-12-30 19:00:00,2016-12-25 12:00:00,3
air_a083834e7ffe187e,2016-12-30 19:00:00,2016-12-11 16:00:00,7
air_a083834e7ffe187e,2016-12-30 22:00:00,2016-12-14 21:00:00,3
air_a083834e7ffe187e,2016-12-30 23:00:00,2016-12-13 21:00:00,5
air_a083834e7ffe187e,2017-01-02 20:00:00,2016-12-07 20:00:00,3
air_a083834e7ffe187e,2017-01-02 20:00:00,2016-12-30 21:00:00,2
air_a083834e7ffe187e,2017-01-02 20:00:00,2017-01-01 21:00:00,4
air_a083834e7ffe187e,2017-01-02 20:00:00,2017-01-01 20:00:00,5
air_a083834e7ffe187e,2017-01-02 20:00:00,2016-12-28 00:00:00,4
air_a083834e7ffe187e,2017-01-02 20:00:00,2017-01-02 15:00:00,4
air_a083834e7ffe187e,2017-01-02 20:00:00,2017-01-01 17:00:00,4
air_a083834e7ffe187e,2017-01-02 20:00:00,2017-01-01 21:00:00,4
air_a083834e7ffe187e,2017-01-03 18:00:00,2016-12-30 23:00:00,2
air_a083834e7ffe187e,2017-01-03 18:00:00,2016-12-15 19:00:00,2
air_a083834e7ffe187e,2017-01-03 18:00:00,2017-01-02 16:00:00,5
air_a083834e7ffe187e,2017-01-03 18:00:00,2017-01-01 15:00:00,4
air_a083834e7ffe187e,2017-01-03 18:00:00,2017-01-02 14:00:00,8
air_a083834e7ffe187e,2017-01-03 18:00:00,2016-12-28 15:00:00,4
air_a083834e7ffe187e,2017-01-03 19:00:00,2017-01-02 13:00:00,4
air_a083834e7ffe187e,2017-01-05 19:00:00,2017-01-03 17:00:00,4
air_a083834e7ffe187e,2017-01-05 19:00:00,2017-01-04 15:00:00,3
air_a083834e7ffe187e,2017-01-06 20:00:00,2017-01-05 18:00:00,2
air_a083834e7ffe187e,2017-01-06 20:00:00,2016-12-28 11:00:00,5
air_a083834e7ffe187e,2017-01-06 20:00:00,2016-12-28 16:00:00,4
air_a083834e7ffe187e,2017-01-06 20:00:00,2017-01-03 08:00:00,2
air_a083834e7ffe187e,2017-01-06 21:00:00,2017-01-05 15:00:00,2
air_a083834e7ffe187e,2017-01-06 22:00:00,2017-01-02 19:00:00,4
air_a083834e7ffe187e,2017-01-07 20:00:00,2016-12-08 18:00:00,46
air_a083834e7ffe187e,2017-01-08 18:00:00,2017-01-07 21:00:00,5
air_a083834e7ffe187e,2017-01-08 18:00:00,2017-01-05 22:00:00,7
air_a083834e7ffe187e,2017-01-08 18:00:00,2017-01-05 22:00:00,2
air_a083834e7ffe187e,2017-01-08 19:00:00,2017-01-05 23:00:00,2
air_a083834e7ffe187e,2017-01-08 19:00:00,2017-01-04 19:00:00,4
air_a083834e7ffe187e,2017-01-08 19:00:00,2016-12-26 18:00:00,7
air_a083834e7ffe187e,2017-01-09 19:00:00,2017-01-07 19:00:00,5
air_a083834e7ffe187e,2017-01-09 19:00:00,2017-01-06 11:00:00,4
air_a083834e7ffe187e,2017-01-09 20:00:00,2017-01-08 19:00:00,6
air_a083834e7ffe187e,2017-01-11 21:00:00,2017-01-11 17:00:00,4
air_a083834e7ffe187e,2017-01-11 22:00:00,2017-01-11 17:00:00,7
air_a083834e7ffe187e,2017-01-12 17:00:00,2017-01-12 16:00:00,3
air_a083834e7ffe187e,2017-01-13 18:00:00,2017-01-10 17:00:00,3
air_a083834e7ffe187e,2017-01-13 18:00:00,2017-01-11 18:00:00,2
air_a083834e7ffe187e,2017-01-13 19:00:00,2017-01-11 22:00:00,8
air_a083834e7ffe187e,2017-01-13 19:00:00,2016-12-13 20:00:00,18
air_a083834e7ffe187e,2017-01-13 19:00:00,2017-01-10 17:00:00,6
air_a083834e7ffe187e,2017-01-13 22:00:00,2017-01-12 19:00:00,3
air_a083834e7ffe187e,2017-01-14 20:00:00,2017-01-10 13:00:00,6
air_a083834e7ffe187e,2017-01-14 20:00:00,2017-01-08 19:00:00,26
air_a083834e7ffe187e,2017-01-14 20:00:00,2017-01-04 17:00:00,2
air_a083834e7ffe187e,2017-01-15 19:00:00,2017-01-08 17:00:00,2
air_a083834e7ffe187e,2017-01-16 19:00:00,2017-01-03 22:00:00,5
air_a083834e7ffe187e,2017-01-16 19:00:00,2017-01-15 20:00:00,3
air_a083834e7ffe187e,2017-01-18 20:00:00,2016-12-26 17:00:00,24
air_a083834e7ffe187e,2017-01-18 20:00:00,2017-01-15 22:00:00,2
air_a083834e7ffe187e,2017-01-18 22:00:00,2017-01-16 20:00:00,4
air_a083834e7ffe187e,2017-01-19 18:00:00,2017-01-16 17:00:00,2
air_a083834e7ffe187e,2017-01-20 20:00:00,2017-01-07 13:00:00,11
air_a083834e7ffe187e,2017-01-20 20:00:00,2016-12-28 16:00:00,14
air_a083834e7ffe187e,2017-01-21 18:00:00,2017-01-20 20:00:00,2
air_a083834e7ffe187e,2017-01-21 18:00:00,2017-01-18 21:00:00,2
air_a083834e7ffe187e,2017-01-21 18:00:00,2017-01-20 20:00:00,2
air_a083834e7ffe187e,2017-01-21 18:00:00,2017-01-19 14:00:00,2
air_a083834e7ffe187e,2017-01-21 19:00:00,2017-01-21 00:00:00,2
air_a083834e7ffe187e,2017-01-21 19:00:00,2017-01-19 22:00:00,3
air_a083834e7ffe187e,2017-01-21 19:00:00,2017-01-19 18:00:00,3
air_a083834e7ffe187e,2017-01-21 22:00:00,2017-01-09 21:00:00,4
air_a083834e7ffe187e,2017-01-22 18:00:00,2017-01-18 20:00:00,2
air_a083834e7ffe187e,2017-01-22 19:00:00,2017-01-17 20:00:00,6
air_a083834e7ffe187e,2017-01-22 19:00:00,2017-01-19 23:00:00,4
air_a083834e7ffe187e,2017-01-22 20:00:00,2017-01-22 17:00:00,2
air_a083834e7ffe187e,2017-01-23 18:00:00,2017-01-17 17:00:00,4
air_a083834e7ffe187e,2017-01-23 18:00:00,2017-01-23 17:00:00,2
air_a083834e7ffe187e,2017-01-25 20:00:00,2017-01-25 15:00:00,2
air_a083834e7ffe187e,2017-01-25 20:00:00,2017-01-07 21:00:00,9
air_a083834e7ffe187e,2017-01-25 20:00:00,2017-01-20 20:00:00,2
air_a083834e7ffe187e,2017-01-27 18:00:00,2017-01-16 11:00:00,8
air_a083834e7ffe187e,2017-01-27 18:00:00,2017-01-24 16:00:00,2
air_a083834e7ffe187e,2017-01-27 18:00:00,2017-01-25 18:00:00,2
air_a083834e7ffe187e,2017-01-27 21:00:00,2017-01-26 08:00:00,2
air_a083834e7ffe187e,2017-01-27 22:00:00,2017-01-22 23:00:00,2
air_a083834e7ffe187e,2017-01-28 19:00:00,2017-01-13 22:00:00,4
air_a083834e7ffe187e,2017-01-28 19:00:00,2017-01-20 18:00:00,8
air_a083834e7ffe187e,2017-01-28 20:00:00,2017-01-25 20:00:00,2
air_a083834e7ffe187e,2017-01-28 20:00:00,2017-01-03 12:00:00,4
air_a083834e7ffe187e,2017-01-28 21:00:00,2017-01-27 15:00:00,16
air_a083834e7ffe187e,2017-01-29 19:00:00,2017-01-23 19:00:00,7
air_a083834e7ffe187e,2017-01-30 20:00:00,2017-01-25 17:00:00,4
air_a083834e7ffe187e,2017-01-30 20:00:00,2017-01-22 15:00:00,2
air_a083834e7ffe187e,2017-01-31 18:00:00,2017-01-23 19:00:00,4
air_a083834e7ffe187e,2017-01-31 19:00:00,2017-01-31 16:00:00,12
air_a083834e7ffe187e,2017-01-31 21:00:00,2017-01-29 19:00:00,2
air_a083834e7ffe187e,2017-02-01 20:00:00,2017-01-27 18:00:00,10
air_a083834e7ffe187e,2017-02-01 20:00:00,2017-01-29 11:00:00,3
air_a083834e7ffe187e,2017-02-02 18:00:00,2017-02-01 20:00:00,3
air_a083834e7ffe187e,2017-02-03 20:00:00,2017-01-12 19:00:00,19
air_a083834e7ffe187e,2017-02-03 21:00:00,2017-02-01 19:00:00,4
air_a083834e7ffe187e,2017-02-03 21:00:00,2017-01-26 20:00:00,8
air_a083834e7ffe187e,2017-02-04 18:00:00,2017-01-31 19:00:00,2
air_a083834e7ffe187e,2017-02-04 18:00:00,2017-01-19 13:00:00,5
air_a083834e7ffe187e,2017-02-04 19:00:00,2017-01-24 15:00:00,8
air_a083834e7ffe187e,2017-02-04 19:00:00,2017-01-25 12:00:00,2
air_a083834e7ffe187e,2017-02-04 20:00:00,2017-01-25 19:00:00,4
air_a083834e7ffe187e,2017-02-04 22:00:00,2017-01-12 21:00:00,12
air_a083834e7ffe187e,2017-02-05 17:00:00,2017-02-04 21:00:00,4
air_a083834e7ffe187e,2017-02-05 19:00:00,2017-02-02 01:00:00,2
air_a083834e7ffe187e,2017-02-05 20:00:00,2017-01-23 10:00:00,4
air_a083834e7ffe187e,2017-02-06 19:00:00,2017-01-31 17:00:00,4
air_a083834e7ffe187e,2017-02-08 20:00:00,2017-02-04 18:00:00,3
air_a083834e7ffe187e,2017-02-08 20:00:00,2017-02-07 18:00:00,2
air_a083834e7ffe187e,2017-02-08 21:00:00,2017-02-07 16:00:00,2
air_a083834e7ffe187e,2017-02-08 22:00:00,2017-02-08 18:00:00,2
air_a083834e7ffe187e,2017-02-09 18:00:00,2017-02-08 16:00:00,4
air_a083834e7ffe187e,2017-02-09 19:00:00,2017-02-09 16:00:00,4
air_a083834e7ffe187e,2017-02-10 18:00:00,2017-02-09 17:00:00,9
air_a083834e7ffe187e,2017-02-10 18:00:00,2017-01-29 20:00:00,16
air_a083834e7ffe187e,2017-02-10 18:00:00,2017-02-07 20:00:00,2
air_a083834e7ffe187e,2017-02-10 19:00:00,2017-02-07 17:00:00,7
air_a083834e7ffe187e,2017-02-10 19:00:00,2017-02-09 16:00:00,4
air_a083834e7ffe187e,2017-02-10 20:00:00,2017-02-06 15:00:00,2
air_a083834e7ffe187e,2017-02-11 17:00:00,2017-02-06 16:00:00,2
air_a083834e7ffe187e,2017-02-11 18:00:00,2017-02-09 21:00:00,2
air_a083834e7ffe187e,2017-02-11 18:00:00,2017-02-10 22:00:00,4
air_a083834e7ffe187e,2017-02-11 18:00:00,2017-02-10 19:00:00,2
air_a083834e7ffe187e,2017-02-11 22:00:00,2017-01-27 12:00:00,7
air_a083834e7ffe187e,2017-02-12 18:00:00,2017-02-04 17:00:00,3
air_a083834e7ffe187e,2017-02-12 19:00:00,2017-02-11 21:00:00,4
air_a083834e7ffe187e,2017-02-12 19:00:00,2017-02-03 13:00:00,6
air_a083834e7ffe187e,2017-02-12 19:00:00,2017-02-10 22:00:00,2
air_a083834e7ffe187e,2017-02-12 20:00:00,2017-02-11 21:00:00,4
air_a083834e7ffe187e,2017-02-14 18:00:00,2017-02-13 19:00:00,2
air_a083834e7ffe187e,2017-02-14 19:00:00,2017-02-13 15:00:00,2
air_a083834e7ffe187e,2017-02-15 18:00:00,2017-02-10 19:00:00,4
air_a083834e7ffe187e,2017-02-15 19:00:00,2017-02-13 21:00:00,8
air_a083834e7ffe187e,2017-02-15 21:00:00,2017-02-09 12:00:00,6
air_a083834e7ffe187e,2017-02-16 18:00:00,2017-02-16 16:00:00,3
air_a083834e7ffe187e,2017-02-16 18:00:00,2017-02-12 23:00:00,4
air_a083834e7ffe187e,2017-02-16 19:00:00,2017-02-10 22:00:00,2
air_a083834e7ffe187e,2017-02-16 19:00:00,2017-02-14 19:00:00,3
air_a083834e7ffe187e,2017-02-16 19:00:00,2017-02-09 17:00:00,4
air_a083834e7ffe187e,2017-02-17 18:00:00,2017-02-11 18:00:00,21
air_a083834e7ffe187e,2017-02-17 19:00:00,2017-02-11 19:00:00,3
air_a083834e7ffe187e,2017-02-17 19:00:00,2017-02-12 10:00:00,7
air_a083834e7ffe187e,2017-02-17 19:00:00,2017-02-17 16:00:00,4
air_a083834e7ffe187e,2017-02-17 21:00:00,2017-02-11 19:00:00,5
air_a083834e7ffe187e,2017-02-18 18:00:00,2017-02-03 23:00:00,4
air_a083834e7ffe187e,2017-02-18 18:00:00,2017-02-01 16:00:00,10
air_a083834e7ffe187e,2017-02-18 18:00:00,2017-02-09 20:00:00,2
air_a083834e7ffe187e,2017-02-18 18:00:00,2017-02-03 23:00:00,2
air_a083834e7ffe187e,2017-02-18 18:00:00,2017-02-15 22:00:00,5
air_a083834e7ffe187e,2017-02-18 18:00:00,2017-02-06 18:00:00,3
air_a083834e7ffe187e,2017-02-18 18:00:00,2017-02-10 07:00:00,2
air_a083834e7ffe187e,2017-02-18 19:00:00,2017-02-17 16:00:00,1
air_a083834e7ffe187e,2017-02-18 19:00:00,2017-02-16 17:00:00,3
air_a083834e7ffe187e,2017-02-18 19:00:00,2017-02-17 12:00:00,2
air_a083834e7ffe187e,2017-02-19 18:00:00,2017-02-07 13:00:00,8
air_a083834e7ffe187e,2017-02-20 18:00:00,2017-02-20 18:00:00,2
air_a083834e7ffe187e,2017-02-20 21:00:00,2017-02-19 21:00:00,3
air_a083834e7ffe187e,2017-02-21 18:00:00,2017-02-15 12:00:00,2
air_a083834e7ffe187e,2017-02-21 20:00:00,2017-02-14 16:00:00,2
air_a083834e7ffe187e,2017-02-22 19:00:00,2017-02-22 17:00:00,2
air_a083834e7ffe187e,2017-02-22 20:00:00,2017-02-21 21:00:00,2
air_a083834e7ffe187e,2017-02-23 18:00:00,2017-02-14 18:00:00,5
air_a083834e7ffe187e,2017-02-23 18:00:00,2017-02-21 21:00:00,2
air_a083834e7ffe187e,2017-02-23 20:00:00,2017-02-21 22:00:00,5
air_a083834e7ffe187e,2017-02-24 18:00:00,2017-02-10 21:00:00,2
air_a083834e7ffe187e,2017-02-24 19:00:00,2017-02-21 23:00:00,3
air_a083834e7ffe187e,2017-02-24 19:00:00,2017-02-20 20:00:00,6
air_a083834e7ffe187e,2017-02-24 19:00:00,2017-02-23 19:00:00,4
air_a083834e7ffe187e,2017-02-24 19:00:00,2017-02-22 08:00:00,2
air_a083834e7ffe187e,2017-02-24 21:00:00,2017-02-21 16:00:00,2
air_a083834e7ffe187e,2017-02-24 22:00:00,2017-02-08 17:00:00,11
air_a083834e7ffe187e,2017-02-25 18:00:00,2017-02-07 19:00:00,14
air_a083834e7ffe187e,2017-02-25 18:00:00,2017-01-31 19:00:00,24
air_a083834e7ffe187e,2017-02-25 18:00:00,2017-02-09 22:00:00,4
air_a083834e7ffe187e,2017-02-25 18:00:00,2017-02-12 18:00:00,4
air_a083834e7ffe187e,2017-02-25 20:00:00,2017-02-20 20:00:00,2
air_a083834e7ffe187e,2017-02-26 18:00:00,2017-02-26 17:00:00,2
air_a083834e7ffe187e,2017-02-26 18:00:00,2017-02-09 17:00:00,2
air_a083834e7ffe187e,2017-02-26 18:00:00,2017-02-25 08:00:00,3
air_a083834e7ffe187e,2017-02-26 19:00:00,2017-02-25 00:00:00,2
air_a083834e7ffe187e,2017-02-26 19:00:00,2017-02-25 16:00:00,5
air_a083834e7ffe187e,2017-02-26 23:00:00,2017-01-28 22:00:00,5
air_a083834e7ffe187e,2017-02-27 18:00:00,2017-02-27 17:00:00,8
air_a083834e7ffe187e,2017-02-27 19:00:00,2017-02-27 18:00:00,2
air_a083834e7ffe187e,2017-02-27 19:00:00,2017-02-26 01:00:00,2
air_a083834e7ffe187e,2017-02-28 00:00:00,2017-02-24 22:00:00,8
air_a083834e7ffe187e,2017-02-28 18:00:00,2017-02-26 23:00:00,2
air_a083834e7ffe187e,2017-02-28 19:00:00,2017-02-03 16:00:00,28
air_a083834e7ffe187e,2017-03-01 19:00:00,2017-02-26 22:00:00,7
air_a083834e7ffe187e,2017-03-02 20:00:00,2017-03-01 22:00:00,5
air_a083834e7ffe187e,2017-03-03 18:00:00,2017-03-03 18:00:00,2
air_a083834e7ffe187e,2017-03-03 18:00:00,2017-03-02 23:00:00,2
air_a083834e7ffe187e,2017-03-03 19:00:00,2017-02-22 22:00:00,3
air_a083834e7ffe187e,2017-03-03 19:00:00,2017-03-02 08:00:00,4
air_a083834e7ffe187e,2017-03-04 18:00:00,2017-03-01 20:00:00,3
air_a083834e7ffe187e,2017-03-04 18:00:00,2017-03-02 16:00:00,2
air_a083834e7ffe187e,2017-03-04 18:00:00,2017-03-02 16:00:00,7
air_a083834e7ffe187e,2017-03-04 18:00:00,2017-03-02 18:00:00,2
air_a083834e7ffe187e,2017-03-04 18:00:00,2017-02-19 15:00:00,5
air_a083834e7ffe187e,2017-03-04 20:00:00,2017-03-02 20:00:00,2
air_a083834e7ffe187e,2017-03-04 20:00:00,2017-03-02 21:00:00,4
air_a083834e7ffe187e,2017-03-04 20:00:00,2017-03-03 15:00:00,2
air_a083834e7ffe187e,2017-03-04 21:00:00,2017-02-24 19:00:00,10
air_a083834e7ffe187e,2017-03-05 18:00:00,2017-03-04 08:00:00,4
air_a083834e7ffe187e,2017-03-07 21:00:00,2017-02-13 21:00:00,17
air_a083834e7ffe187e,2017-03-09 18:00:00,2017-03-08 09:00:00,2
air_a083834e7ffe187e,2017-03-09 19:00:00,2017-03-09 00:00:00,3
air_a083834e7ffe187e,2017-03-09 19:00:00,2017-03-08 16:00:00,2
air_a083834e7ffe187e,2017-03-10 18:00:00,2017-03-07 19:00:00,4
air_a083834e7ffe187e,2017-03-10 18:00:00,2017-03-09 18:00:00,6
air_a083834e7ffe187e,2017-03-10 19:00:00,2017-03-09 21:00:00,4
air_a083834e7ffe187e,2017-03-10 19:00:00,2017-03-05 18:00:00,2
air_a083834e7ffe187e,2017-03-10 19:00:00,2017-03-10 13:00:00,2
air_a083834e7ffe187e,2017-03-10 19:00:00,2017-03-09 19:00:00,3
air_a083834e7ffe187e,2017-03-10 19:00:00,2017-03-10 17:00:00,2
air_a083834e7ffe187e,2017-03-10 20:00:00,2017-03-10 17:00:00,2
air_a083834e7ffe187e,2017-03-10 22:00:00,2017-03-08 00:00:00,13
air_a083834e7ffe187e,2017-03-11 18:00:00,2017-02-26 21:00:00,3
air_a083834e7ffe187e,2017-03-11 18:00:00,2017-03-03 08:00:00,5
air_a083834e7ffe187e,2017-03-11 19:00:00,2017-03-10 16:00:00,1
air_a083834e7ffe187e,2017-03-11 20:00:00,2017-03-09 22:00:00,2
air_a083834e7ffe187e,2017-03-11 21:00:00,2017-03-07 20:00:00,4
air_a083834e7ffe187e,2017-03-12 18:00:00,2017-03-07 19:00:00,7
air_a083834e7ffe187e,2017-03-12 18:00:00,2017-03-11 19:00:00,2
air_a083834e7ffe187e,2017-03-12 18:00:00,2017-03-04 00:00:00,4
air_a083834e7ffe187e,2017-03-13 18:00:00,2017-03-10 16:00:00,3
air_a083834e7ffe187e,2017-03-13 19:00:00,2017-02-15 20:00:00,5
air_a083834e7ffe187e,2017-03-13 20:00:00,2017-02-28 12:00:00,9
air_a083834e7ffe187e,2017-03-14 20:00:00,2017-03-10 20:00:00,2
air_a083834e7ffe187e,2017-03-14 20:00:00,2017-03-08 20:00:00,2
air_a083834e7ffe187e,2017-03-15 18:00:00,2017-03-09 22:00:00,5
air_a083834e7ffe187e,2017-03-17 18:00:00,2017-03-03 17:00:00,9
air_a083834e7ffe187e,2017-03-17 18:00:00,2017-03-15 18:00:00,3
air_a083834e7ffe187e,2017-03-17 20:00:00,2017-03-16 18:00:00,14
air_a083834e7ffe187e,2017-03-17 20:00:00,2017-03-16 22:00:00,5
air_a083834e7ffe187e,2017-03-17 20:00:00,2017-03-16 22:00:00,5
air_a083834e7ffe187e,2017-03-18 18:00:00,2017-03-15 21:00:00,3
air_a083834e7ffe187e,2017-03-18 20:00:00,2017-03-15 23:00:00,4
air_a083834e7ffe187e,2017-03-18 20:00:00,2017-03-13 17:00:00,3
air_a083834e7ffe187e,2017-03-18 20:00:00,2017-03-13 18:00:00,2
air_a083834e7ffe187e,2017-03-19 19:00:00,2017-03-12 21:00:00,7
air_a083834e7ffe187e,2017-03-20 18:00:00,2017-03-01 21:00:00,2
air_a083834e7ffe187e,2017-03-20 18:00:00,2017-03-19 11:00:00,7
air_a083834e7ffe187e,2017-03-20 19:00:00,2017-03-20 14:00:00,3
air_a083834e7ffe187e,2017-03-21 18:00:00,2017-03-07 19:00:00,3
air_a083834e7ffe187e,2017-03-21 19:00:00,2017-03-20 16:00:00,3
air_a083834e7ffe187e,2017-03-21 20:00:00,2017-03-20 19:00:00,6
air_a083834e7ffe187e,2017-03-22 17:00:00,2017-03-11 17:00:00,7
air_a083834e7ffe187e,2017-03-22 18:00:00,2017-03-16 22:00:00,12
air_a083834e7ffe187e,2017-03-22 18:00:00,2017-03-13 12:00:00,12
air_a083834e7ffe187e,2017-03-22 20:00:00,2017-03-13 17:00:00,4
air_a083834e7ffe187e,2017-03-23 18:00:00,2017-03-21 17:00:00,3
air_a083834e7ffe187e,2017-03-23 19:00:00,2017-03-09 23:00:00,8
air_a083834e7ffe187e,2017-03-23 23:00:00,2017-03-23 16:00:00,3
air_a083834e7ffe187e,2017-03-24 18:00:00,2017-03-16 14:00:00,3
air_a083834e7ffe187e,2017-03-24 18:00:00,2017-03-10 16:00:00,4
air_a083834e7ffe187e,2017-03-24 18:00:00,2017-03-08 18:00:00,19
air_a083834e7ffe187e,2017-03-24 18:00:00,2017-03-02 18:00:00,8
air_a083834e7ffe187e,2017-03-24 21:00:00,2017-03-12 19:00:00,2
air_a083834e7ffe187e,2017-03-24 21:00:00,2017-03-22 14:00:00,2
air_a083834e7ffe187e,2017-03-24 21:00:00,2017-03-23 22:00:00,6
air_a083834e7ffe187e,2017-03-25 18:00:00,2017-03-24 19:00:00,4
air_a083834e7ffe187e,2017-03-25 18:00:00,2017-03-24 19:00:00,4
air_a083834e7ffe187e,2017-03-25 18:00:00,2017-03-22 19:00:00,3
air_a083834e7ffe187e,2017-03-25 20:00:00,2017-03-24 17:00:00,4
air_a083834e7ffe187e,2017-03-26 18:00:00,2017-02-19 23:00:00,3
air_a083834e7ffe187e,2017-03-26 18:00:00,2017-03-22 22:00:00,4
air_a083834e7ffe187e,2017-03-26 18:00:00,2017-03-21 23:00:00,3
air_a083834e7ffe187e,2017-03-26 20:00:00,2017-03-22 12:00:00,3
air_a083834e7ffe187e,2017-03-27 18:00:00,2017-03-11 17:00:00,14
air_a083834e7ffe187e,2017-03-27 18:00:00,2017-03-27 16:00:00,2
air_a083834e7ffe187e,2017-03-27 20:00:00,2017-03-09 16:00:00,8
air_a083834e7ffe187e,2017-03-28 18:00:00,2017-03-15 17:00:00,5
air_a083834e7ffe187e,2017-03-28 18:00:00,2017-03-06 20:00:00,2
air_a083834e7ffe187e,2017-03-28 18:00:00,2017-03-23 16:00:00,7
air_a083834e7ffe187e,2017-03-29 19:00:00,2017-03-27 17:00:00,7
air_a083834e7ffe187e,2017-03-29 21:00:00,2017-03-29 16:00:00,2
air_5c817ef28f236bdf,2017-03-30 19:00:00,2017-03-30 12:00:00,4
air_5c817ef28f236bdf,2017-03-30 19:00:00,2017-03-30 18:00:00,2
air_a083834e7ffe187e,2017-03-31 18:00:00,2017-03-27 19:00:00,7
air_a083834e7ffe187e,2017-03-31 18:00:00,2017-03-31 18:00:00,3
air_a083834e7ffe187e,2017-03-31 19:00:00,2017-03-28 17:00:00,7
air_a083834e7ffe187e,2017-03-31 19:00:00,2017-03-31 18:00:00,9
air_a083834e7ffe187e,2017-04-01 18:00:00,2017-03-30 13:00:00,4
air_a083834e7ffe187e,2017-04-01 19:00:00,2017-03-30 17:00:00,4
air_a083834e7ffe187e,2017-04-01 20:00:00,2017-03-30 11:00:00,2
air_a083834e7ffe187e,2017-04-02 19:00:00,2017-04-02 17:00:00,2
air_a083834e7ffe187e,2017-04-03 18:00:00,2017-04-02 17:00:00,2
air_a083834e7ffe187e,2017-04-04 19:00:00,2017-04-03 16:00:00,2
air_a083834e7ffe187e,2017-04-06 19:00:00,2017-04-01 16:00:00,7
air_a083834e7ffe187e,2017-04-07 17:00:00,2017-04-07 14:00:00,4
air_a083834e7ffe187e,2017-04-07 19:00:00,2017-03-30 19:00:00,8
air_a083834e7ffe187e,2017-04-07 20:00:00,2017-03-31 19:00:00,12
air_a083834e7ffe187e,2017-04-07 20:00:00,2017-03-08 19:00:00,17
air_a083834e7ffe187e,2017-04-07 21:00:00,2017-04-04 16:00:00,4
air_a083834e7ffe187e,2017-04-07 21:00:00,2017-04-07 20:00:00,2
air_a083834e7ffe187e,2017-04-08 19:00:00,2017-04-07 23:00:00,2
air_a083834e7ffe187e,2017-04-08 20:00:00,2017-03-13 00:00:00,3
air_a083834e7ffe187e,2017-04-08 20:00:00,2017-04-07 16:00:00,5
air_a083834e7ffe187e,2017-04-08 21:00:00,2017-04-06 20:00:00,2
air_a083834e7ffe187e,2017-04-08 21:00:00,2017-04-07 19:00:00,3
air_a083834e7ffe187e,2017-04-09 19:00:00,2017-04-08 15:00:00,2
air_a083834e7ffe187e,2017-04-10 18:00:00,2017-04-10 17:00:00,8
air_a083834e7ffe187e,2017-04-11 22:00:00,2017-04-08 23:00:00,13
air_a083834e7ffe187e,2017-04-12 20:00:00,2017-04-12 19:00:00,2
air_a083834e7ffe187e,2017-04-13 21:00:00,2017-04-13 20:00:00,4
air_a083834e7ffe187e,2017-04-13 21:00:00,2017-04-13 18:00:00,3
air_a083834e7ffe187e,2017-04-14 18:00:00,2017-04-07 19:00:00,2
air_a083834e7ffe187e,2017-04-14 19:00:00,2017-04-12 19:00:00,5
air_a083834e7ffe187e,2017-04-14 19:00:00,2017-03-27 21:00:00,17
air_a083834e7ffe187e,2017-04-14 19:00:00,2017-04-03 13:00:00,3
air_a083834e7ffe187e,2017-04-14 21:00:00,2017-04-14 20:00:00,5
air_a083834e7ffe187e,2017-04-15 18:00:00,2017-04-06 12:00:00,3
air_a083834e7ffe187e,2017-04-16 18:00:00,2017-04-13 22:00:00,3
air_a083834e7ffe187e,2017-04-16 18:00:00,2017-04-16 17:00:00,2
air_a083834e7ffe187e,2017-04-16 18:00:00,2017-04-12 20:00:00,3
air_a083834e7ffe187e,2017-04-16 20:00:00,2017-04-16 18:00:00,3
air_a083834e7ffe187e,2017-04-16 20:00:00,2017-04-16 19:00:00,7
air_a083834e7ffe187e,2017-04-18 18:00:00,2017-04-13 16:00:00,19
air_a083834e7ffe187e,2017-04-18 18:00:00,2017-04-15 10:00:00,2
air_a083834e7ffe187e,2017-04-18 20:00:00,2017-04-18 19:00:00,2
air_a083834e7ffe187e,2017-04-21 18:00:00,2017-04-05 17:00:00,53
air_a083834e7ffe187e,2017-04-22 18:00:00,2017-04-21 17:00:00,3
air_a083834e7ffe187e,2017-04-22 19:00:00,2017-04-22 18:00:00,2
air_a083834e7ffe187e,2017-04-22 19:00:00,2017-04-09 23:00:00,5
air_a083834e7ffe187e,2017-04-22 20:00:00,2017-04-22 18:00:00,2
air_a083834e7ffe187e,2017-04-23 18:00:00,2017-04-20 20:00:00,5
air_a083834e7ffe187e,2017-04-24 19:00:00,2017-04-19 19:00:00,20
air_a083834e7ffe187e,2017-04-26 19:00:00,2017-04-20 11:00:00,12
air_a083834e7ffe187e,2017-04-28 22:00:00,2017-04-22 21:00:00,3
air_a083834e7ffe187e,2017-04-29 18:00:00,2017-04-05 20:00:00,6
air_a083834e7ffe187e,2017-04-30 19:00:00,2017-04-18 00:00:00,3
air_a083834e7ffe187e,2017-05-03 18:00:00,2017-04-19 21:00:00,2
air_a083834e7ffe187e,2017-05-13 21:00:00,2017-04-07 20:00:00,17
